brand_name,official_website
REDMAGIC,https://redmagic.gg
Nothing,https://nothing.tech
nubia,https://nubia.com
Redmi,https://www.mi.com
SHOKZ,https://shokz.com
Haylou,https://haylou.com
1more,https://1more.com
Insta360,https://www.insta360.com
EZVIZ,https://www.ezviz.com
Abxylute,https://abxylute.com
Formovie,https://www.formovie.com
Roborock,https://www.roborock.com
Tenways,https://www.tenways.com
Rokid,https://rokid.com
ECOVACS,https://www.ecovacs.com
ELEGOO,https://www.elegoo.com
8BitDo,https://www.8bitdo.com
PLAUD,https://www.plaud.ai
Keychron,https://www.keychron.com
Eureka,https://www.eureka.com
Black Shark,https://blackshark.gg
Superhexa,https://www.superhexa.com
SAMSUNG,https://www.samsung.com
Google,https://about.google
Heyup,https://heyupnow.com
HUAWEI,https://www.huawei.com
One Plus,https://www.oneplus.com
Bose,https://www.bose.com
CHERRY,https://cherryxtrfy.com
VGN,https://vgnlab.com
ASUS,https://www.asus.com
FLYDIGI,https://flydigi.com
RAZER,https://www.razer.com
Lemokey,https://www.lemokey.com
EDIFIER,https://edifier-online.eu
Xiaomi,https://www.mi.com
Govee,https://www.govee.com
GravaStar,https://www.gravastar.com
Living AI,https://living.ai
CMF,https://nothing.tech
OXS,https://oxsaudio.com
BEATS,https://www.beatsbydre.com
MEIZU,https://www.meizu.com
ANBERNIC,https://anbernic.com
SwitchBot,https://www.switch-bot.com
CoolKiller,https://coolkiller.com
Lofree,https://www.lofree.co
RayNeo,https://www.rayneo.com
JBL,https://www.jbl.com
MYVU,https://www.meizu.com
Cleer,https://cleeraudio.com
Amazfit,https://www.amazfit.com
XREAL,https://www.xreal.com
AnkerMake,https://www.ankermake.com
BOYA,https://www.boya-mic.com
Oladance,https://www.oladance.com
Playdate,https://play.date
Nokia,https://www.nokia.com
Xming,https://www.formovie.com
Dry Studio,https://dry---studio.com
HAKII,https://www.hakii.com
GameSir,https://gamesir.com
AYANEO,https://ayaneo.com
Aqara,https://www.aqara.com
ACEMAGIC,https://acemagic.de
PetSnowy,https://petsnowy.com
Shargeek,https://www.shargeek.com
Segway,https://www.segway.com
RingConn,https://www.ringconn.com
INMO,https://www.inmo.com
PITAKA,https://www.ipitaka.com
Tessan,https://tessan.com
70mai,https://www.70mai.com
Mammotion,https://mammotion.com
Oak & iron,https://oakiron.tech
EcoFlow,https://www.ecoflow.com
MOFT,https://www.moft.us
MelGeek,https://www.melgeek.com
Dreame,https://www.dreame.com
Narwal,https://www.narwal.com
ZTE,https://www.ztedevices.com
Vive,https://www.vive.com
Clic-Light,https://clic-light.com
Furbulous,https://www.furbulouspet.com
Petcube,https://petcube.com
Degrii,https://degrii.com
OSOTEK,https://osotek.com
Creative,https://creative.com
Akko,https://akkogear.com
Campster,https://www.kickstarter.com
heyplus,https://community.heyupnow.com
HOTO,https://www.hototools.com
HOZO,https://www.hozo.com
MindLax,https://mindlax.com
Nanoleaf,https://nanoleaf.me
obode,https://www.obode.com
Loona,https://keyirobot.com
TexTale,https://www.textale.ai
Ulanzi,https://www.ulanzi.com
Donha,https://www.donha.com
Feiyu,https://www.feiyu-tech.com
Flux,https://fluxkeyboard.com
Logitech,https://www.logitech.com
XBOX,https://www.xbox.com
GEEKOM,https://www.geekom.com
Apple,https://www.apple.com
PlayStation,https://www.playstation.com
Nintendo,https://www.nintendo.com
SONY,https://www.sony.com
ROG,https://rog.asus.com
Sonos,https://www.sonos.com
ByteDance,https://www.bytedance.com
Bubblepal,https://www.haivivi.com
Casio,https://www.casio.com
HONOR,https://www.honor.com
Vivo,https://www.vivo.com
GOOVIS,https://www.goovis.com
MSI,https://www.msi.com
DJI,https://www.dji.com
Sharp,https://www.sharpusa.com
Friend AI,https://www.friend.com
iQOO,https://www.iqoo.com
Hohem,https://www.hohem.com
OPPO,https://www.oppo.com
Tryout Form Test,https://www.oneplus.com
Valerion,https://www.valerion.com
KEYI Robot,https://keyirobot.com
Weilan,https://www.weilan.com
Gyges Labs,https://gygeslabs.com
RetroGamebox,https://retrogameboxcanada.com
MADV,https://dlingsmart.com
Senthmetic,https://www.senthmetic.com
Leravan,https://leravan.com
Vima,https://vimalabs.github.io
MiniJ,https://www.red-dot.org
QIN,https://qinphone.com
RedCube,https://www.we-online.com
Oak & iron tech,https://oakiron.tech
Magic Power,https://www.magicpower.co
JellyBlue,https://www.jelly-blue.com
extremus,https://www.extremus.com
BioLite,https://www.bioliteenergy.com
KUMI,https://kumi.top
Philips,https://www.philips.com
Yukai,https://www.ux-xu.com
GlocalMe,https://www.glocalme.com
TECNO,https://www.tecno-mobile.com
Shanling,https://shanling.com
Yeswelder,https://yeswelder.com
Looktech,https://www.looktech.net
Laifen,https://www.laifen.com
TOZO,https://www.tozotech.com
Solos,https://www.solos.tech
KTC,https://www.ktcmonitor.com
Machenike,https://machenike.com
Flux Keyboard,https://www.fluxkeyboard.com
Feiyu Tech,https://www.feiyu-tech.com
Makeblock,https://www.makeblock.com
Wuben,https://www.wubenlight.com
JARGOU,https://jargou.com
Dolby,https://www.dolby.com
xgimi,https://xgimi.com
DYSON,https://www.dyson.com
Smartmi,https://smartmiglobal.com
Jackery,https://www.jackery.com
URTOPIA,https://newurtopia.com
Midea,https://midea.com
Novabot,https://www.novabot.tech
VAVA,https://www.vava.com
Smallrig,https://www.smallrig.com
Hulkman,https://www.hulkman.com
Inmotion,https://www.inmotionworld.com
oura,https://ouraring.com
ROIDMI,https://www.roidmi.com
HOVERAir,https://www.hoverair.com
Cayin,https://cayin.cn
Ulike,https://www.ulike.com
Emteq Labs,https://www.emteqlabs.com
Syncwire,https://www.syncwire.com
Bluetti,https://www.bluettipower.com
Imoo,https://www.imoo.com
Nespresso,https://www.nespresso.com
mango power,https://www.mangopower.com
HOTSUIT,https://www.hotsuit.com
AENZR,https://www.chargerlab.com
FJDynamics,https://www.fjdynamics.com
Bambu Lab,https://bambulab.com
Huami,https://www.huami.com
iHealth,https://www.ihealthlabs.com
POCO,https://www.poco.net
KHADAS,https://www.khadas.com
VILTROX,https://www.viltrox.com
RAK Wireless,https://www.rakwireless.com
FIMI,https://www.fimi.com
YeeLight,https://yeelight.com
JMGO,https://jmgo.com
Anker,https://www.anker.com
Yaber,https://www.yaber.com
Belkin,https://www.belkin.com
QCY,https://www.qcy.com
loomos,https://loomos.ai
Nebula,https://www.seenebula.com
Hypershell,https://www.hypershell.tech
Sennheiser,https://www.sennheiser.com
Angry Miao,https://www.angrymiao.com
Aurzen,https://aurzen.com
Newnal,https://www.newnal.com
Lenovo,https://www.lenovo.com
AGM,https://www.agmmobile.com
Meta,https://about.meta.com
HMD,https://www.hmdglobal.com
UMIDIGI,https://www.umidigi.com
PICO4,https://www.pico-interactive.com
Retroid,https://www.goretroid.com
Eilik,https://energizelab.com
LG,https://www.lg.com
Redragon,https://www.redragon.com
OnePlus,https://www.oneplus.com
Unitree,https://www.unitree.com
Leica,https://www.leica-camera.com
Back Bay,https://www.backbayaudio.com
Audio Technica,https://www.audio-technica.com
Suunto,https://www.suunto.com
Thunderobot,https://www.thunderobot.com
POWKIDDY,https://powkiddy.com
Minisforum,https://www.minisforum.com
Microsoft,https://www.microsoft.com
PLAUD AI,https://www.plaud.ai
CHERRY XTRFY,https://www.cherryxtrfy.com
CMF by Nothing,https://nothing.tech
Appotronics,https://appotronics.com
YI Technology,https://www.yitechnology.com
WHALEY,https://whaleytransportation.com
COOWOO,https://www.coowootech.com
Yuwell,https://www.yuwell.com
inFace,https://www.inface.com
Soocas,https://soocas.com
Deerma,https://www.deerma.com
SWDK,https://www.richmore.com.tw
Fiio,https://www.fiio.com
Yunmai,https://yunmaiglobal.com
Turtle Beach,https://www.turtlebeach.com
Rabbit,https://www.rabbit.tech
Mijia,https://home.mi.com
RAY-BAN,https://www.ray-ban.com
SUNMI,https://www.sunmi.com
Morror Art,https://future-mirror.com
Ozlo,https://ozlosleep.com
Viomi,https://www.viomi.com
Garmin,https://www.garmin.com
ZMI,https://www.zmifi.com
Enabot,https://www.enabot.com
Segway-Ninebot,https://www.segway.com
TCL,https://www.tcl.com
OSO,https://www.laxis.com
Oclean,https://www.oclean.com
WIZPR,https://vtouch.io
Peloton,https://www.onepeloton.com
Timekettle,https://www.timekettle.co
MIKO,https://www.miko.ai
iRobot,https://www.irobot.com
EMEET,https://www.emeet.com
Elgato,https://www.elgato.com
UGREEN,https://www.ugreen.com
Withings,https://www.withings.com
JLab,https://www.jlab.com
Baseus,https://www.baseus.com
Reolink,https://reolink.com
Circular,https://circular.xyz
Curio,https://heycurio.com
Acer,https://www.acer.com
MotionPillow,https://www.motionpillow.com
humane,https://www.humane.com
Sanag,https://sanagshop.com
Genkinno,https://www.genkinno.com
Ultenic,https://www.ultenic.com
iFLYTEK,https://store.iflytek.com
SparkX,https://sparkx.com
Exotac,https://www.exotac.com
xBloom,https://xbloom.com
Tribit,https://www.tribit.com
Soundcore,https://www.soundcore.com
COROS,https://coros.com
IMILAB,https://www.imilab.com
realme,https://www.realme.com
DELL,https://www.dell.com
Fujifilm,https://www.fujifilm.com
Beelink,https://www.bee-link.com
Tesla,https://www.tesla.com
SHARGE,https://www.sharge.com
Pococo,https://www.pococo.com
Moondrop,https://www.moondroplab.com
CUKTECH,https://www.cuktech.com
TP Link,https://www.tp-link.com
LAVA,https://www.lavamusic.com
Colorful,https://colorful.cn
Omni,https://omnihealth.ai
Movengine,https://www.kickstarter.com
HiDock,https://p1.hidock.com
Pixelmug,https://www.pixelmug.com
CZUR,https://www.kickstarter.com
PELADN,https://www.pradeon.com
Epomaker,https://epomaker.com
RING MOUSE,https://www.kickstarter.com
Motorola,https://www.motorola.com
Skullcandy,https://www.skullcandy.com
UNA Watch,https://www.unawatch.com
Dreo,https://www.dreo.com
SteelSeries,https://steelseries.com
Magpie Tech,https://magpietech.us
Xtool,https://www.xtool.com
Denon,https://www.denon.com
Yunzii,https://www.yunzii.com
Infinix,https://www.infinixmobility.com
Hyrox,https://hyrox.com
Netatmo,https://www.netatmo.com
Thermacell,https://www.thermacell.com
Nautica,https://www.nautica.com
Jisulife,https://jisulife.com
Oakley,https://www.oakley.com
Maxell,https://www.maxell.com
Cooler Master,https://www.coolermaster.com
HTC,https://www.htc.com
eufyMake,https://www.eufymake.com
Transcend,https://www.transcend-info.com
Panasonic,https://www.panasonic.com
FORM,https://www.formswim.com
GuliKit,https://www.gulikit.com
VITURE,https://www.viture.com
Questyle,https://www.questyle.com
Fairphone,https://www.fairphone.com
iKKO,https://www.ikkoaudio.com
beyerdynamic,https://www.beyerdynamic.com
Cubot,https://www.cubot.net
Retro Fighters,https://retrofighters.com
THIRDREALITY,https://www.3reality.com
AKT,https://aktlondon.com
Avex Inc,https://avex.com
Brilliant Labs,https://brilliant.xyz
Hollyland,https://www.hollyland.com
Pebble,https://repebble.com
Dnsys,https://dnsys.com
Libernovo,https://libernovo.com
Drop,https://drop.com
Breville,https://www.breville.com
Marshall,https://www.marshall.com
Looki,https://www.looki.ai
Acemate,https://www.acematetennis.com
Alogic,https://www.alogic.co
RugOne,https://rugone.net
Vention,https://www.ventiontech.com
L'Atitude 52°N,https://www.latitude52n.com
Aukey,https://www.aukey.com
AYN Technologies,https://www.ayntec.com
Mophie,https://www.zagg.com/mophie
Energize Lab,https://energizelab.com
Bleequp,https://www.bleequp.com
Kodak,https://www.kodak.com
ZYON,https://www.zyonhelmets.com
Viaim,https://store.viaim.ai
Norby,https://www.heynorby.com
GoPro,https://gopro.com
Wacom,https://www.wacom.com
GIGABYTE,https://www.gigabyte.com
8849,https://8849tech.com
GPD,https://gpdstore.net
Gabb,https://gabb.com
AIVELA,https://www.aivela.com
Ascentiz,https://ascentizexo.com
Amazon,https://www.amazon.com
Thrustmaster,https://www.thrustmaster.com
CORSAIR,https://www.corsair.com
HP,https://www.hp.com
Turbo Italy,https://turboitaly.co
Unistellar,https://www.unistellar.com
LUNA,https://www.lunazone.com
XbotGo,https://xbotgo.com
ESR,https://www.esrtech.com
Axon,https://www.axon.com
Urban Arrow,https://urbanarrow.com
InnAIO,https://www.innaio.com
Maytronics,https://www.maytronics.com
benq,https://www.benq.com
Oscal,https://www.oscal.hk
KARRI,https://karri.io
BOOX,https://shop.boox.com
HeyGears,https://www.heygears.com
NEO,https://www.1x.tech
Kode,https://www.kode.diy
Vasco,https://vasco-translator.com
Wyze,https://www.wyze.com
UNIT 1,https://unit1gear.com
Rollme,https://www.rollmefit.com
SoundPEATS,https://soundpeats.com
FOREO,https://www.foreo.com
IRMO,https://www.kickstarter.com
Segai,https://www.segai.cc
Arturia,https://www.arturia.com
Nikon,https://www.nikon.com
Viwoods,https://viwoods.com
Night Storm,https://www.dvxvision.com
Hyundai,https://hyundai.com
Pro-Ject,https://www.project-audio.com
crkd,https://crkd.gg
WiiM,https://www.wiimhome.com
Guangfan,https://www.guangfan.com
Hisense,https://www.hisense.com
Revimo,https://www.revimo.care
takway,https://takway.ai
Vibe,https://vibe.us
OlloBot,https://ollobot.com
Ultraloq,https://ultraloq.com
SharkNinja,https://sharkninja.sg
Rivian,https://rivian.com
FOSSiBOT,https://www.fossibot.com
Honeywell,https://www.honeywell.com
Cassio,https://www.casio.com
willo,https://willo.com
Beatbot,https://beatbot.com
Pimax,https://pimax.com
Longevity Mirror,https://longevitymirror.com
cheerble,https://cheerble.com
LUXE INFINITY,https://www.luxe-infinity.com
COZYTIME,https://cozytime-tech.com
Subtle,https://www.subtle.co
SKG,https://skg.sg
Ring,https://ring.com
HOMI CREATION,https://homicreations.com
Livaro Tech,https://www.lidl.com
elrow industries,https://elrowindustries.com
Toyota,https://www.toyota.com
L'Oréal,https://www.loreal.com
Gambit Robotics,https://www.gambitrobotics.ai
XTRA,https://www.xtra-us.com
Alveos One,https://www.alveoslabs.com
Wokyis,https://wokyis.com
Native Union,https://www.nativeunion.com
Rogbid,https://rogbid.com
evenflo,https://www.evenflo.com
AquaVault,https://theaquavault.com
satechi,https://satechi.com
fauna robotics,https://faunarobotics.com
bushnell golf,https://www.bushnellgolf.com
Status Audio,https://www.status.co
OBSBOT,https://www.obsbot.com
ZIEA One,https://ziea.net
trettitre,https://www.trettitre.com
MSSTRYSLVD,https://msstryslvd.com
loopearplugs,https://loopearplugs.com
Natural Cycles,https://www.naturalcycles.com
nework,https://nework.us
Honiture,https://honiture.com
genkithings,https://www.genkithings.com
astrohaus,https://astrohaus.com
Epiphan Video,https://www.epiphan.com
